id,POS
-0.544021111,-0.18134037
-0.999990207,-0.333330069
-0.536572918,-0.178857639
-0.536572918,-0.178857639
-0.536572918,-0.178857639
-0.536572918,-0.178857639
-0.536572918,-0.178857639
-0.536572918,-0.178857639
-0.536572918,-0.178857639
-0.536572918,-0.178857639
-0.544021111,-0.18134037